timestamp_utc,soil_humidity,soil_temperature,system_air_humidity,system_air_temperature
2021-06-15T17:49:22+00:00,104.03,15.75,92.0,16.5
2021-06-15T17:49:25+00:00,103.55,15.75,92.0,16.5
2021-06-15T17:49:28+00:00,103.55,15.75,92.0,16.5
2021-06-15T17:49:31+00:00,103.32,15.75,92.0,16.5
2021-06-15T17:49:34+00:00,103.55,15.75,92.0,16.5
2021-06-15T17:49:37+00:00,103.55,15.75,92.0,16.5
2021-06-15T17:49:40+00:00,103.55,15.75,92.0,16.5
2021-06-15T17:49:43+00:00,103.55,15.75,92.0,16.5
2021-06-15T17:49:46+00:00,103.55,15.75,92.0,16.5
2021-06-15T17:49:50+00:00,103.55,15.75,92.0,16.6
2021-06-15T17:49:52+00:00,103.55,15.75,92.0,16.5
2021-06-15T17:49:55+00:00,103.55,15.75,92.0,16.5
2021-06-15T17:49:58+00:00,103.55,15.75,92.0,16.5
2021-06-15T17:50:01+00:00,103.79,15.75,92.0,16.5
2021-06-15T17:50:04+00:00,103.55,15.75,92.0,16.5
2021-06-15T17:50:07+00:00,103.55,15.75,92.0,16.5
2021-06-15T17:50:10+00:00,103.55,15.75,92.0,16.5
2021-06-15T17:50:13+00:00,103.55,15.75,92.0,16.5
2021-06-15T17:50:16+00:00,103.55,15.75,92.0,16.5
2021-06-15T17:50:19+00:00,103.55,15.75,92.0,16.5
2021-06-15T17:50:23+00:00,103.55,15.75,92.0,16.5
2021-06-15T17:50:25+00:00,103.79,15.75,92.0,16.5
2021-06-15T17:50:28+00:00,103.55,15.75,92.0,16.5
2021-06-15T17:50:31+00:00,103.55,15.75,92.0,16.5
2021-06-15T17:50:34+00:00,103.55,15.75,92.0,16.5
2021-06-15T17:50:37+00:00,103.55,15.75,92.0,16.5
2021-06-15T17:50:41+00:00,103.55,15.75,92.0,16.5
2021-06-15T17:50:43+00:00,103.55,15.75,92.0,16.5
2021-06-15T17:50:46+00:00,103.55,15.75,92.0,16.5
2021-06-15T17:50:49+00:00,103.79,15.75,92.0,16.5
2021-06-15T17:50:53+00:00,103.55,15.75,92.0,16.5
2021-06-15T17:50:55+00:00,103.55,15.75,92.0,16.5
2021-06-15T17:50:58+00:00,103.55,15.75,92.0,16.5
2021-06-15T17:51:01+00:00,103.55,15.75,92.0,16.5
2021-06-15T17:51:04+00:00,103.55,15.75,92.0,16.6
2021-06-15T17:51:07+00:00,103.79,15.75,92.0,16.5
2021-06-15T17:51:10+00:00,103.55,15.75,92.0,16.5
2021-06-15T17:51:13+00:00,103.55,15.75,92.0,16.5
2021-06-15T17:51:16+00:00,103.55,15.75,92.0,16.5
2021-06-15T17:51:19+00:00,103.55,15.75,92.0,16.6
2021-06-15T17:51:22+00:00,103.55,15.75,92.0,16.5
2021-06-15T17:51:25+00:00,103.55,15.75,92.0,16.5
2021-06-15T17:51:28+00:00,103.79,15.75,92.0,16.5
2021-06-15T17:51:31+00:00,103.55,15.75,92.0,16.6
2021-06-15T17:51:34+00:00,103.55,15.75,92.0,16.5
2021-06-15T17:51:37+00:00,103.55,15.75,92.0,16.5
2021-06-15T17:51:40+00:00,103.55,15.75,92.0,16.6
2021-06-15T17:51:43+00:00,103.79,15.75,92.0,16.6
2021-06-15T17:51:46+00:00,103.55,15.75,92.0,16.6
2021-06-15T17:51:49+00:00,103.55,15.75,92.0,16.6
2021-06-15T17:51:52+00:00,103.79,15.75,92.0,16.6
2021-06-15T17:51:56+00:00,103.55,15.75,92.0,16.6
2021-06-15T17:51:58+00:00,103.55,15.75,92.0,16.5
2021-06-15T17:52:01+00:00,103.55,15.75,92.0,16.6
2021-06-15T17:52:04+00:00,103.79,15.75,92.0,16.6
2021-06-15T17:52:08+00:00,103.55,15.75,92.0,16.5
2021-06-15T17:52:10+00:00,103.55,15.75,92.0,16.6
2021-06-15T17:52:14+00:00,103.79,15.75,92.0,16.6
2021-06-15T17:52:16+00:00,103.32,15.81,92.0,16.6
2021-06-15T17:52:20+00:00,103.55,15.75,92.0,16.6
2021-06-15T17:52:23+00:00,103.55,15.75,92.0,16.6
2021-06-15T17:52:25+00:00,103.55,15.75,92.0,16.6
2021-06-15T17:52:28+00:00,103.55,15.75,92.0,16.6
2021-06-15T17:52:31+00:00,103.55,15.75,92.0,16.6
2021-06-15T17:52:34+00:00,103.79,15.75,92.0,16.6
2021-06-15T17:52:37+00:00,103.55,15.75,92.0,16.6
2021-06-15T17:52:40+00:00,103.55,15.81,92.0,16.6
2021-06-15T17:52:44+00:00,103.55,15.81,92.0,16.6
2021-06-15T17:52:47+00:00,103.55,15.75,92.0,16.6
2021-06-15T17:52:49+00:00,103.55,15.75,92.0,16.6
2021-06-15T17:52:52+00:00,103.79,15.75,92.0,16.6
2021-06-15T17:52:55+00:00,103.55,15.75,92.0,16.6
2021-06-15T17:52:59+00:00,103.55,15.75,92.0,16.6
2021-06-15T17:53:01+00:00,103.79,15.75,92.0,16.6
2021-06-15T17:53:05+00:00,103.55,15.75,92.0,16.6
2021-06-15T17:53:07+00:00,103.55,15.81,92.0,16.6
2021-06-15T17:53:10+00:00,103.55,15.75,92.0,16.6
2021-06-15T17:53:13+00:00,103.55,15.75,92.0,16.6
2021-06-15T17:53:16+00:00,103.55,15.81,92.0,16.6
2021-06-15T17:53:20+00:00,103.55,15.81,92.0,16.6
2021-06-15T17:53:22+00:00,103.79,15.81,92.0,16.6
2021-06-15T17:53:25+00:00,103.55,15.81,92.0,16.6
2021-06-15T17:53:29+00:00,103.55,15.75,92.0,16.6
2021-06-15T17:53:31+00:00,103.55,15.81,92.0,16.6
2021-06-15T17:53:34+00:00,103.55,15.75,92.0,16.6
2021-06-15T17:53:37+00:00,103.79,15.81,92.0,16.6
2021-06-15T17:53:40+00:00,103.55,15.81,92.0,16.6
2021-06-15T17:53:43+00:00,103.55,15.81,92.0,16.6
2021-06-15T17:53:46+00:00,103.55,15.81,92.0,16.6
2021-06-15T17:53:49+00:00,103.55,15.81,92.0,16.6
2021-06-15T17:53:52+00:00,103.55,15.81,92.0,16.6
2021-06-15T17:53:55+00:00,103.55,15.81,92.0,16.6
2021-06-15T17:53:58+00:00,103.55,15.81,92.0,16.6
2021-06-15T17:54:02+00:00,103.55,15.81,92.0,16.6
2021-06-15T17:54:05+00:00,103.55,15.81,92.0,16.6
2021-06-15T17:54:08+00:00,103.55,15.81,92.0,16.6
2021-06-15T17:54:11+00:00,103.79,15.81,92.0,16.6
2021-06-15T17:54:14+00:00,103.55,15.81,92.0,16.6
2021-06-15T17:54:16+00:00,103.55,15.81,92.0,16.6
2021-06-15T17:54:20+00:00,103.55,15.81,92.0,16.6
2021-06-15T17:54:22+00:00,103.55,15.81,92.0,16.6
2021-06-15T17:54:25+00:00,103.55,15.81,92.0,16.6
2021-06-15T17:54:28+00:00,103.55,15.81,92.0,16.6
2021-06-15T17:54:31+00:00,103.55,15.81,92.0,16.6
2021-06-15T17:54:34+00:00,103.55,15.81,92.0,16.6
2021-06-15T17:54:37+00:00,103.55,15.81,92.0,16.6
2021-06-15T17:54:40+00:00,103.55,15.75,92.0,16.6
2021-06-15T17:54:44+00:00,103.79,15.81,92.0,16.6
2021-06-15T17:54:46+00:00,103.55,15.81,92.0,16.6
2021-06-15T17:54:50+00:00,103.55,15.81,92.0,16.6
2021-06-15T17:54:53+00:00,103.55,15.75,92.0,16.6
2021-06-15T17:54:55+00:00,103.32,15.81,92.0,16.6
2021-06-15T17:54:58+00:00,103.55,15.81,92.0,16.6
2021-06-15T17:55:01+00:00,103.55,15.81,92.0,16.6
2021-06-15T17:55:04+00:00,103.79,15.81,92.0,16.6
2021-06-15T17:55:07+00:00,103.55,15.81,92.0,16.6
2021-06-15T17:55:10+00:00,103.55,15.75,92.0,16.6
2021-06-15T17:55:13+00:00,103.55,15.81,92.0,16.6
2021-06-15T17:55:16+00:00,103.55,15.81,92.0,16.6
2021-06-15T17:55:20+00:00,103.55,15.81,92.0,16.6
2021-06-15T17:55:22+00:00,103.55,15.81,92.0,16.6
2021-06-15T17:55:26+00:00,103.55,15.81,92.0,16.6
2021-06-15T17:55:28+00:00,103.32,15.81,92.0,16.6
2021-06-15T17:55:32+00:00,103.55,15.81,92.0,16.6
2021-06-15T17:55:35+00:00,103.55,15.81,92.0,16.6
2021-06-15T17:55:37+00:00,103.55,15.81,92.0,16.6
2021-06-15T17:55:40+00:00,103.55,15.81,92.0,16.6
2021-06-15T17:55:43+00:00,103.55,15.81,92.0,16.6
2021-06-15T17:55:47+00:00,103.55,15.81,92.0,16.6
2021-06-15T17:55:50+00:00,103.79,15.81,92.0,16.6
2021-06-15T17:55:52+00:00,103.79,15.81,92.0,16.6
2021-06-15T17:55:56+00:00,103.55,15.81,92.0,16.6
2021-06-15T17:55:58+00:00,103.79,15.81,92.0,16.6
2021-06-15T17:56:01+00:00,103.79,15.81,92.0,16.6
2021-06-15T17:56:04+00:00,103.55,15.81,92.0,16.6
2021-06-15T17:56:07+00:00,103.55,15.81,92.0,16.6
2021-06-15T17:56:11+00:00,103.79,15.81,92.0,16.6
2021-06-15T17:56:13+00:00,103.55,15.81,92.0,16.6
2021-06-15T17:56:17+00:00,103.55,15.81,92.0,16.6
2021-06-15T17:56:19+00:00,103.55,15.81,92.0,16.6
2021-06-15T17:56:22+00:00,103.55,15.81,92.0,16.6
2021-06-15T17:56:26+00:00,103.55,15.81,92.0,16.6
2021-06-15T17:56:28+00:00,103.55,15.81,92.0,16.6
2021-06-15T17:56:31+00:00,103.55,15.81,92.0,16.6
2021-06-15T17:56:35+00:00,103.55,15.81,92.0,16.6
2021-06-15T17:56:37+00:00,103.79,15.81,92.0,16.6
2021-06-15T17:56:41+00:00,103.55,15.81,92.0,16.6
2021-06-15T17:56:44+00:00,103.55,15.81,92.0,16.6
2021-06-15T17:56:46+00:00,103.55,15.81,92.0,16.6
2021-06-15T17:56:49+00:00,103.79,15.81,92.0,16.6
2021-06-15T17:56:53+00:00,103.79,15.81,92.0,16.6
2021-06-15T17:56:56+00:00,103.79,15.81,92.0,16.6
2021-06-15T17:56:59+00:00,103.55,15.81,92.0,16.6
2021-06-15T17:57:02+00:00,103.55,15.81,92.0,16.6
2021-06-15T17:57:05+00:00,103.55,15.81,92.0,16.6
2021-06-15T17:57:07+00:00,103.55,15.81,92.0,16.6
2021-06-15T17:57:12+00:00,103.55,15.81,92.0,16.6
2021-06-15T17:57:14+00:00,103.55,15.81,92.0,16.6
2021-06-15T17:57:17+00:00,103.79,15.81,92.0,16.6
2021-06-15T17:57:19+00:00,103.55,15.81,92.0,16.6
2021-06-15T17:57:23+00:00,103.79,15.81,92.0,16.6
2021-06-15T17:57:26+00:00,103.55,15.81,92.0,16.6
2021-06-15T17:57:29+00:00,103.79,15.81,92.0,16.6
2021-06-15T17:57:32+00:00,103.79,15.81,92.0,16.6
2021-06-15T17:57:35+00:00,103.55,15.81,92.0,16.6
2021-06-15T17:57:38+00:00,103.79,15.81,92.0,16.6
2021-06-15T17:57:41+00:00,103.79,15.81,92.0,16.6
2021-06-15T17:57:44+00:00,103.79,15.81,92.0,16.6
2021-06-15T17:57:47+00:00,103.79,15.81,92.0,16.6
2021-06-15T17:57:50+00:00,103.79,15.81,92.0,16.6
2021-06-15T17:57:53+00:00,103.55,15.81,92.0,16.6
2021-06-15T17:57:56+00:00,103.79,15.81,92.0,16.6
2021-06-15T17:57:59+00:00,103.79,15.81,92.0,16.6
2021-06-15T17:58:02+00:00,103.79,15.81,92.0,16.6
2021-06-15T17:58:04+00:00,103.79,15.81,92.0,16.6
2021-06-15T17:58:08+00:00,103.79,15.81,92.0,16.6
2021-06-15T17:58:11+00:00,103.79,15.81,92.0,16.6
2021-06-15T17:58:14+00:00,103.55,15.81,92.0,16.6
2021-06-15T17:58:17+00:00,103.55,15.88,92.0,16.6
2021-06-15T17:58:20+00:00,103.79,15.88,92.0,16.6
2021-06-15T17:58:23+00:00,103.79,15.81,92.0,16.6
2021-06-15T17:58:26+00:00,103.79,15.81,92.0,16.6
2021-06-15T17:58:29+00:00,103.79,15.88,92.0,16.6
2021-06-15T17:58:32+00:00,103.55,15.88,92.0,16.6
2021-06-15T17:58:35+00:00,103.79,15.81,92.0,16.6
2021-06-15T17:58:38+00:00,103.79,15.88,92.0,16.6
2021-06-15T17:58:42+00:00,103.55,15.88,92.0,16.6
2021-06-15T17:58:44+00:00,103.79,15.88,92.0,16.6
2021-06-15T17:58:47+00:00,103.79,15.88,92.0,16.6
2021-06-15T17:58:50+00:00,103.55,15.88,92.0,16.6
2021-06-15T17:58:53+00:00,103.79,15.88,92.0,16.6
2021-06-15T17:58:56+00:00,103.55,15.88,92.0,16.6
2021-06-15T17:58:59+00:00,103.55,15.88,92.0,16.6
2021-06-15T17:59:02+00:00,103.79,15.88,92.0,16.6
2021-06-15T17:59:05+00:00,103.55,15.88,92.0,16.6
2021-06-15T17:59:08+00:00,103.79,15.88,92.0,16.6
2021-06-15T17:59:11+00:00,103.79,15.88,92.0,16.6
2021-06-15T17:59:14+00:00,103.79,15.88,92.0,16.6
2021-06-15T17:59:17+00:00,103.55,15.88,92.0,16.6
2021-06-15T17:59:20+00:00,103.79,15.88,92.0,16.6
2021-06-15T17:59:23+00:00,103.79,15.88,92.0,16.6
2021-06-15T17:59:26+00:00,103.55,15.88,92.0,16.6
2021-06-15T17:59:29+00:00,103.79,15.88,92.0,16.6
2021-06-15T17:59:32+00:00,103.79,15.88,92.0,16.6
2021-06-15T17:59:35+00:00,103.79,15.88,92.0,16.6
2021-06-15T17:59:38+00:00,103.79,15.88,92.0,16.6
2021-06-15T17:59:41+00:00,103.79,15.88,92.0,16.6
2021-06-15T17:59:44+00:00,103.79,15.88,92.0,16.6
2021-06-15T17:59:47+00:00,103.79,15.88,92.0,16.6
2021-06-15T17:59:50+00:00,103.79,15.88,92.0,16.6
2021-06-15T17:59:53+00:00,103.79,15.88,92.0,16.6
2021-06-15T17:59:56+00:00,103.79,15.88,92.0,16.6
2021-06-15T17:59:59+00:00,103.55,15.88,92.0,16.6
2021-06-15T18:00:02+00:00,103.79,15.88,92.0,16.6
2021-06-15T18:00:05+00:00,103.79,15.88,92.0,16.6
2021-06-15T18:00:08+00:00,103.79,15.88,92.0,16.6
2021-06-15T18:00:11+00:00,104.03,15.88,92.0,16.6
2021-06-15T18:00:14+00:00,103.79,15.88,92.0,16.6
2021-06-15T18:00:17+00:00,103.79,15.88,92.0,16.6
2021-06-15T18:00:20+00:00,103.79,15.88,92.0,16.6
2021-06-15T18:00:23+00:00,103.55,15.88,92.0,16.6
2021-06-15T18:00:26+00:00,103.32,15.88,92.0,16.6
2021-06-15T18:00:29+00:00,103.55,15.88,92.0,16.6
2021-06-15T18:00:32+00:00,103.79,15.88,92.0,16.6
2021-06-15T18:00:35+00:00,103.55,15.88,92.0,16.7
2021-06-15T18:00:38+00:00,103.55,15.88,92.0,16.6
2021-06-15T18:00:41+00:00,103.55,15.88,92.0,16.7
2021-06-15T18:00:44+00:00,103.55,15.88,92.0,16.7
2021-06-15T18:00:47+00:00,103.55,15.88,92.0,16.7
2021-06-15T18:00:50+00:00,103.55,15.94,92.0,16.7
2021-06-15T18:00:53+00:00,103.55,15.88,92.0,16.7
2021-06-15T18:00:56+00:00,103.55,15.88,92.0,16.7
2021-06-15T18:00:59+00:00,103.55,15.88,92.0,16.7
2021-06-15T18:01:02+00:00,103.55,15.88,92.0,16.7
2021-06-15T18:01:05+00:00,103.55,15.88,92.0,16.7
2021-06-15T18:01:08+00:00,103.55,15.94,92.0,16.7
2021-06-15T18:01:11+00:00,103.55,15.88,92.0,16.7
2021-06-15T18:01:14+00:00,103.79,15.94,92.0,16.7
2021-06-15T18:01:17+00:00,103.55,15.88,92.0,16.7
2021-06-15T18:01:20+00:00,103.55,15.94,92.0,16.7
2021-06-15T18:01:23+00:00,103.55,15.94,92.0,16.7
2021-06-15T18:01:26+00:00,103.55,15.94,92.0,16.7
2021-06-15T18:01:29+00:00,103.55,15.94,92.0,16.7
2021-06-15T18:01:32+00:00,103.55,15.94,92.0,16.7
2021-06-15T18:01:35+00:00,103.55,15.94,92.0,16.7
2021-06-15T18:01:38+00:00,103.55,15.94,92.0,16.7
2021-06-15T18:01:41+00:00,103.55,15.94,92.0,16.7
2021-06-15T18:01:44+00:00,103.32,15.94,92.0,16.7
2021-06-15T18:01:47+00:00,103.55,15.94,92.0,16.7
2021-06-15T18:01:50+00:00,103.55,15.94,92.0,16.7
2021-06-15T18:01:53+00:00,103.55,15.94,92.0,16.7
2021-06-15T18:01:56+00:00,103.55,15.94,92.0,16.7
2021-06-15T18:01:59+00:00,103.55,15.94,92.0,16.7
2021-06-15T18:02:02+00:00,103.55,15.94,92.0,16.7
2021-06-15T18:02:05+00:00,103.55,15.94,92.0,16.7
2021-06-15T18:02:08+00:00,103.55,15.94,92.0,16.7
2021-06-15T18:02:11+00:00,103.55,15.94,92.0,16.7
2021-06-15T18:02:14+00:00,103.55,15.94,92.0,16.7
2021-06-15T18:02:17+00:00,103.79,15.94,92.0,16.7
2021-06-15T18:02:20+00:00,103.55,15.94,92.0,16.7
2021-06-15T18:02:23+00:00,103.55,15.94,92.0,16.7
2021-06-15T18:02:26+00:00,103.55,15.94,92.0,16.7
2021-06-15T18:02:29+00:00,103.55,15.94,92.0,16.7
2021-06-15T18:02:33+00:00,103.55,15.94,92.0,16.7
2021-06-15T18:02:35+00:00,103.55,15.94,92.0,16.7
2021-06-15T18:02:38+00:00,103.55,15.94,92.0,16.7
2021-06-15T18:02:41+00:00,103.79,15.94,92.0,16.7
2021-06-15T18:02:44+00:00,103.55,15.94,92.0,16.7
2021-06-15T18:02:47+00:00,103.55,15.94,92.0,16.7
2021-06-15T18:02:50+00:00,103.55,15.94,92.0,16.7
2021-06-15T18:02:53+00:00,103.55,15.94,92.0,16.7
2021-06-15T18:02:56+00:00,103.55,15.94,92.0,16.7
2021-06-15T18:02:59+00:00,103.79,15.94,92.0,16.7
2021-06-15T18:03:02+00:00,103.55,15.94,92.0,16.7
2021-06-15T18:03:05+00:00,103.79,15.94,92.0,16.7
2021-06-15T18:03:08+00:00,103.79,15.94,92.0,16.7
2021-06-15T18:03:11+00:00,103.55,15.94,92.0,16.7
2021-06-15T18:03:14+00:00,103.55,15.94,92.0,16.7
2021-06-15T18:03:17+00:00,103.55,15.94,92.0,16.7
2021-06-15T18:03:20+00:00,103.55,15.94,92.0,16.7
2021-06-15T18:03:23+00:00,103.79,15.94,92.0,16.7
2021-06-15T18:03:26+00:00,103.55,15.94,92.0,16.7
2021-06-15T18:03:29+00:00,103.55,15.94,92.0,16.7
2021-06-15T18:03:32+00:00,103.55,15.94,92.0,16.7
2021-06-15T18:03:35+00:00,103.55,15.94,92.0,16.7
2021-06-15T18:03:38+00:00,103.55,15.94,92.0,16.7
2021-06-15T18:03:41+00:00,103.79,15.94,92.0,16.7
2021-06-15T18:03:44+00:00,103.55,15.94,92.0,16.7
2021-06-15T18:03:47+00:00,103.55,15.94,92.0,16.7
2021-06-15T18:03:50+00:00,103.79,15.94,92.0,16.7
2021-06-15T18:03:53+00:00,103.55,15.94,92.0,16.7
2021-06-15T18:03:56+00:00,103.55,15.94,92.0,16.7
2021-06-15T18:03:59+00:00,103.55,15.94,92.0,16.7
2021-06-15T18:04:02+00:00,103.55,15.94,92.0,16.7
2021-06-15T18:04:05+00:00,103.55,15.94,92.0,16.7
2021-06-15T18:04:08+00:00,103.79,15.94,92.0,16.7
2021-06-15T18:04:11+00:00,103.79,15.94,92.0,16.7
2021-06-15T18:04:14+00:00,103.55,15.94,92.0,16.7
2021-06-15T18:04:17+00:00,103.55,16.0,92.0,16.7
2021-06-15T18:04:20+00:00,103.55,15.94,92.0,16.7
2021-06-15T18:04:23+00:00,103.79,15.94,92.0,16.7
2021-06-15T18:04:26+00:00,103.55,16.0,92.0,16.7
2021-06-15T18:04:29+00:00,103.79,15.94,92.0,16.7
2021-06-15T18:04:32+00:00,103.55,16.0,92.0,16.7
2021-06-15T18:04:35+00:00,103.79,15.94,92.0,16.7
2021-06-15T18:04:38+00:00,103.79,16.0,92.0,16.7
2021-06-15T18:04:41+00:00,103.55,16.0,92.0,16.7
2021-06-15T18:04:44+00:00,103.55,16.0,92.0,16.7
2021-06-15T18:04:47+00:00,103.55,16.0,92.0,16.7
2021-06-15T18:04:50+00:00,103.55,16.0,92.0,16.7
2021-06-15T18:04:54+00:00,103.55,16.0,92.0,16.7
2021-06-15T18:04:56+00:00,103.55,16.0,92.0,16.7
2021-06-15T18:04:59+00:00,103.32,16.0,92.0,16.7
2021-06-15T18:05:02+00:00,103.32,16.0,92.0,16.7
2021-06-15T18:05:05+00:00,103.55,16.0,92.0,16.7
2021-06-15T18:05:08+00:00,103.32,16.0,92.0,16.7
2021-06-15T18:05:11+00:00,103.32,16.0,92.0,16.7
2021-06-15T18:05:14+00:00,103.55,16.0,92.0,16.7
2021-06-15T18:05:17+00:00,103.55,16.0,92.0,16.7
2021-06-15T18:05:20+00:00,103.32,16.0,92.0,16.7
2021-06-15T18:05:23+00:00,103.32,16.0,92.0,16.7
2021-06-15T18:05:26+00:00,103.55,16.0,92.0,16.7
2021-06-15T18:05:29+00:00,103.55,16.0,92.0,16.7
2021-06-15T18:05:32+00:00,103.55,16.0,92.0,16.7
2021-06-15T18:05:35+00:00,103.32,16.0,92.0,16.7
2021-06-15T18:05:38+00:00,103.32,16.0,92.0,16.7
2021-06-15T18:05:41+00:00,103.55,16.0,92.0,16.7
2021-06-15T18:05:44+00:00,103.55,16.0,92.0,16.7
2021-06-15T18:05:47+00:00,103.32,16.0,92.0,16.7
2021-06-15T18:05:50+00:00,103.55,16.0,92.0,16.7
2021-06-15T18:05:53+00:00,103.55,16.0,92.0,16.7
2021-06-15T18:05:56+00:00,103.55,16.0,92.0,16.7
2021-06-15T18:05:59+00:00,103.32,16.0,92.0,16.7
2021-06-15T18:06:02+00:00,103.32,16.0,92.0,16.7
2021-06-15T18:06:05+00:00,103.08,16.0,92.0,16.7
2021-06-15T18:06:08+00:00,103.32,16.0,92.0,16.7
2021-06-15T18:06:11+00:00,103.32,16.0,92.0,16.7
2021-06-15T18:06:15+00:00,103.32,16.0,92.0,16.7
2021-06-15T18:06:17+00:00,103.32,16.0,92.0,16.7
2021-06-15T18:06:20+00:00,103.32,16.0,92.0,16.7
2021-06-15T18:06:23+00:00,103.32,16.0,92.0,16.7
2021-06-15T18:06:26+00:00,103.32,16.0,92.0,16.7
2021-06-15T18:06:29+00:00,103.32,16.0,92.0,16.7
2021-06-15T18:06:32+00:00,103.32,16.0,92.0,16.7
2021-06-15T18:06:35+00:00,103.32,16.0,92.0,16.7
2021-06-15T18:06:38+00:00,103.32,16.0,92.0,16.7
2021-06-15T18:06:42+00:00,103.55,16.0,92.0,16.7
2021-06-15T18:06:44+00:00,103.32,16.0,92.0,16.7
2021-06-15T18:06:47+00:00,103.32,16.0,92.0,16.7
2021-06-15T18:06:51+00:00,103.32,16.06,92.0,16.7
2021-06-15T18:06:53+00:00,103.55,16.0,92.0,16.7
2021-06-15T18:06:56+00:00,103.32,16.06,92.0,16.8
2021-06-15T18:07:00+00:00,103.32,16.0,92.0,16.7
2021-06-15T18:07:02+00:00,103.32,16.06,92.0,16.8
2021-06-15T18:07:05+00:00,103.55,16.0,92.0,16.8
2021-06-15T18:07:08+00:00,103.32,16.0,92.0,16.7
2021-06-15T18:07:11+00:00,103.32,16.0,92.0,16.7
2021-06-15T18:07:14+00:00,103.32,16.0,92.0,16.7
2021-06-15T18:07:17+00:00,103.32,16.0,92.0,16.7
2021-06-15T18:07:20+00:00,103.32,16.06,92.0,16.8
2021-06-15T18:07:24+00:00,103.32,16.0,92.0,16.8
2021-06-15T18:07:26+00:00,103.32,16.0,92.0,16.8
2021-06-15T18:07:29+00:00,103.32,16.06,92.0,16.8
2021-06-15T18:07:32+00:00,103.32,16.0,92.0,16.8
2021-06-15T18:07:35+00:00,103.08,16.06,92.0,16.8
2021-06-15T18:07:38+00:00,103.32,16.06,92.0,16.8
2021-06-15T18:07:41+00:00,103.32,16.06,92.0,16.8
2021-06-15T18:07:44+00:00,103.32,16.06,92.0,16.8
2021-06-15T18:07:47+00:00,103.79,16.06,92.0,16.8
2021-06-15T18:07:50+00:00,103.55,16.06,92.0,16.8
2021-06-15T18:07:53+00:00,103.32,16.06,92.0,16.8
2021-06-15T18:07:56+00:00,103.08,16.06,92.0,16.8
2021-06-15T18:07:59+00:00,103.32,16.06,92.0,16.8
2021-06-15T18:08:02+00:00,103.32,16.06,92.0,16.8
2021-06-15T18:08:05+00:00,103.55,16.06,92.0,16.8
2021-06-15T18:08:08+00:00,104.03,16.06,92.0,16.8
2021-06-15T18:08:11+00:00,103.32,16.06,92.0,16.8
2021-06-15T18:08:14+00:00,103.55,16.06,92.0,16.8
2021-06-15T18:08:17+00:00,103.55,16.06,92.0,16.8
2021-06-15T18:08:20+00:00,103.55,16.06,92.0,16.8
2021-06-15T18:08:23+00:00,103.32,16.06,92.0,16.8
2021-06-15T18:08:26+00:00,103.55,16.06,92.0,16.8
2021-06-15T18:08:29+00:00,103.55,16.06,92.0,16.8
2021-06-15T18:08:33+00:00,103.55,16.06,92.0,16.8
2021-06-15T18:08:35+00:00,103.32,16.06,92.0,16.8
2021-06-15T18:08:38+00:00,103.55,16.06,92.0,16.8
2021-06-15T18:08:41+00:00,103.55,16.06,92.0,16.8
2021-06-15T18:08:44+00:00,103.55,16.06,92.0,16.8
2021-06-15T18:08:47+00:00,103.32,16.06,92.0,16.8
2021-06-15T18:08:50+00:00,103.55,16.06,92.0,16.8
2021-06-15T18:08:53+00:00,103.79,16.06,92.0,16.8
2021-06-15T18:08:57+00:00,103.55,16.06,92.0,16.8
2021-06-15T18:08:59+00:00,103.55,16.06,92.0,16.8
2021-06-15T18:09:03+00:00,103.55,16.06,92.0,16.8
2021-06-15T18:09:05+00:00,103.55,16.06,92.0,16.8
2021-06-15T18:09:08+00:00,103.55,16.06,92.0,16.8
2021-06-15T18:09:11+00:00,103.55,16.06,92.0,16.8
2021-06-15T18:09:14+00:00,103.55,16.06,92.0,16.8
2021-06-15T18:09:17+00:00,103.55,16.06,92.0,16.8
2021-06-15T18:09:21+00:00,103.55,16.06,92.0,16.8
2021-06-15T18:09:23+00:00,103.55,16.06,92.0,16.8
2021-06-15T18:09:26+00:00,103.55,16.06,92.0,16.8
2021-06-15T18:09:29+00:00,103.55,16.06,92.0,16.8
2021-06-15T18:09:32+00:00,103.55,16.06,92.0,16.8
2021-06-15T18:09:35+00:00,103.55,16.06,92.0,16.8
2021-06-15T18:09:38+00:00,103.55,16.06,92.0,16.8
2021-06-15T18:09:41+00:00,103.55,16.06,92.0,16.8
2021-06-15T18:09:44+00:00,103.55,16.06,92.0,16.8
2021-06-15T18:09:47+00:00,103.55,16.06,92.0,16.8
2021-06-15T18:09:50+00:00,103.55,16.06,92.0,16.8
2021-06-15T18:09:53+00:00,103.55,16.06,92.0,16.8
2021-06-15T18:09:57+00:00,103.79,16.06,92.0,16.8
2021-06-15T18:09:59+00:00,103.55,16.06,92.0,16.8
2021-06-15T18:10:02+00:00,103.32,16.06,92.0,16.8
2021-06-15T18:10:05+00:00,103.32,16.06,92.0,16.8
2021-06-15T18:10:08+00:00,103.55,16.06,92.0,16.8
2021-06-15T18:10:11+00:00,103.55,16.12,92.0,16.8
2021-06-15T18:10:14+00:00,103.55,16.06,92.0,16.8
2021-06-15T18:10:17+00:00,103.32,16.06,92.0,16.8
2021-06-15T18:10:20+00:00,103.55,16.06,92.0,16.8
2021-06-15T18:10:23+00:00,103.55,16.06,92.0,16.8
2021-06-15T18:10:26+00:00,103.32,16.06,92.0,16.8
2021-06-15T18:10:29+00:00,103.32,16.06,92.0,16.8
2021-06-15T18:10:32+00:00,103.55,16.06,92.0,16.8
2021-06-15T18:10:36+00:00,103.55,16.12,92.0,16.8
2021-06-15T18:10:39+00:00,103.32,16.06,92.0,16.8
2021-06-15T18:10:42+00:00,103.55,16.06,92.0,16.8
2021-06-15T18:10:44+00:00,103.55,16.06,92.0,16.8
2021-06-15T18:10:48+00:00,103.55,16.12,92.0,16.8
2021-06-15T18:10:50+00:00,103.55,16.12,92.0,16.8
2021-06-15T18:10:54+00:00,103.32,16.12,92.0,16.8
2021-06-15T18:10:56+00:00,103.55,16.12,92.0,16.9
2021-06-15T18:10:59+00:00,103.55,16.12,92.0,16.8
2021-06-15T18:11:02+00:00,103.79,16.12,92.0,16.9
2021-06-15T18:11:05+00:00,103.55,16.12,92.0,16.8
2021-06-15T18:11:08+00:00,103.55,16.12,92.0,16.8
2021-06-15T18:11:12+00:00,103.55,16.12,92.0,16.8
2021-06-15T18:11:14+00:00,103.55,16.12,92.0,16.8
2021-06-15T18:11:17+00:00,103.32,16.12,92.0,16.9
2021-06-15T18:11:20+00:00,103.55,16.12,92.0,16.8
2021-06-15T18:11:24+00:00,103.55,16.12,92.0,16.9
2021-06-15T18:11:26+00:00,103.55,16.12,92.0,16.9
2021-06-15T18:11:29+00:00,103.55,16.12,92.0,16.9
2021-06-15T18:11:32+00:00,103.55,16.12,92.0,16.9
2021-06-15T18:11:36+00:00,103.55,16.12,92.0,16.9
2021-06-15T18:11:38+00:00,103.55,16.12,92.0,16.9
2021-06-15T18:11:41+00:00,103.55,16.12,92.0,16.9
2021-06-15T18:11:44+00:00,103.55,16.12,92.0,16.9
2021-06-15T18:11:47+00:00,103.55,16.12,92.0,16.9
2021-06-15T18:11:50+00:00,103.55,16.12,92.0,16.9
2021-06-15T18:11:54+00:00,103.55,16.12,92.0,16.9
2021-06-15T18:11:56+00:00,103.55,16.12,92.0,16.9
2021-06-15T18:11:59+00:00,103.79,16.12,92.0,16.9
2021-06-15T18:12:03+00:00,103.55,16.12,92.0,16.9
2021-06-15T18:12:06+00:00,103.79,16.12,92.0,16.9
2021-06-15T18:12:09+00:00,103.55,16.12,92.0,16.9
2021-06-15T18:12:11+00:00,103.55,16.12,92.0,16.9
2021-06-15T18:12:14+00:00,103.55,16.12,92.0,16.9
2021-06-15T18:12:18+00:00,103.55,16.12,92.0,16.9
2021-06-15T18:12:21+00:00,103.32,16.12,92.0,16.9
2021-06-15T18:12:24+00:00,103.32,16.12,92.0,16.9
2021-06-15T18:12:27+00:00,103.32,16.12,92.0,16.9
2021-06-15T18:12:29+00:00,103.55,16.12,92.0,16.9
2021-06-15T18:12:33+00:00,103.32,16.12,92.0,16.9
2021-06-15T18:12:36+00:00,103.32,16.12,92.0,16.9
2021-06-15T18:12:39+00:00,103.32,16.12,92.0,16.9
2021-06-15T18:12:42+00:00,103.55,16.12,92.0,16.9
2021-06-15T18:12:45+00:00,103.55,16.12,92.0,16.9
2021-06-15T18:12:51+00:00,104.03,16.12,92.0,16.9
2021-06-15T18:12:54+00:00,103.55,16.12,92.0,16.9
2021-06-15T18:12:58+00:00,103.55,16.12,92.0,16.9
2021-06-15T18:13:00+00:00,103.32,16.12,92.0,16.9
2021-06-15T18:13:03+00:00,103.55,16.12,92.0,16.9
2021-06-15T18:13:06+00:00,103.32,16.12,92.0,16.9
2021-06-15T18:13:09+00:00,103.32,16.12,92.0,16.9
2021-06-15T18:13:12+00:00,103.55,16.12,92.0,16.9
2021-06-15T18:13:15+00:00,103.55,16.12,92.0,16.9
2021-06-15T18:13:17+00:00,103.55,16.12,92.0,16.9
2021-06-15T18:13:21+00:00,103.55,16.12,92.0,16.9
2021-06-15T18:13:23+00:00,103.32,16.12,92.0,16.9
2021-06-15T18:13:26+00:00,103.55,16.12,92.0,16.9
2021-06-15T18:13:29+00:00,103.55,16.12,92.0,16.9
2021-06-15T18:13:33+00:00,103.32,16.12,92.0,16.9
2021-06-15T18:13:35+00:00,103.32,16.12,92.0,16.9
2021-06-15T18:13:39+00:00,103.55,16.12,92.0,16.9
2021-06-15T18:13:42+00:00,103.55,16.12,92.0,16.9
2021-06-15T18:13:45+00:00,103.55,16.12,92.0,16.9
2021-06-15T18:13:48+00:00,103.55,16.12,92.0,16.9
2021-06-15T18:13:51+00:00,103.55,16.12,92.0,16.9
2021-06-15T18:13:54+00:00,103.79,16.12,92.0,16.9
2021-06-15T18:13:57+00:00,103.55,16.19,92.0,16.9
2021-06-15T18:13:59+00:00,103.55,16.19,92.0,16.9
2021-06-15T18:14:03+00:00,103.55,16.19,92.0,16.9
2021-06-15T18:14:06+00:00,103.32,16.19,92.0,16.9
2021-06-15T18:14:09+00:00,103.55,16.19,92.0,16.9
2021-06-15T18:14:12+00:00,103.55,16.19,92.0,16.9
2021-06-15T18:14:15+00:00,103.55,16.19,92.0,16.9
2021-06-15T18:14:18+00:00,103.55,16.19,92.0,16.9
2021-06-15T18:14:21+00:00,103.55,16.19,92.0,16.9
2021-06-15T18:14:24+00:00,103.55,16.19,92.0,16.9
2021-06-15T18:14:27+00:00,103.55,16.19,92.0,16.9
2021-06-15T18:14:30+00:00,103.55,16.19,92.0,16.9
2021-06-15T18:14:33+00:00,103.55,16.19,92.0,16.9
2021-06-15T18:14:36+00:00,103.55,16.19,92.0,16.9
2021-06-15T18:14:39+00:00,103.55,16.19,92.0,16.9
2021-06-15T18:14:42+00:00,103.55,16.19,92.0,16.9
2021-06-15T18:14:45+00:00,103.55,16.19,92.0,16.9
2021-06-15T18:14:48+00:00,103.55,16.19,92.0,16.9
2021-06-15T18:14:51+00:00,103.55,16.19,92.0,16.9
2021-06-15T18:14:54+00:00,103.55,16.19,92.0,16.9
2021-06-15T18:14:57+00:00,103.55,16.19,92.0,16.9
2021-06-15T18:15:00+00:00,103.79,16.19,92.0,16.9
2021-06-15T18:15:03+00:00,103.55,16.19,92.0,16.9
2021-06-15T18:15:06+00:00,103.55,16.19,92.0,16.9
2021-06-15T18:15:09+00:00,103.55,16.19,92.0,16.9
2021-06-15T18:15:12+00:00,103.55,16.19,92.0,16.9
2021-06-15T18:15:15+00:00,103.55,16.19,92.0,16.9
2021-06-15T18:15:18+00:00,103.55,16.19,92.0,16.9
2021-06-15T18:15:21+00:00,103.55,16.19,92.0,16.9
2021-06-15T18:15:24+00:00,103.55,16.19,92.0,16.9
2021-06-15T18:15:27+00:00,103.55,16.19,92.0,16.9
2021-06-15T18:15:30+00:00,103.55,16.19,92.0,16.9
2021-06-15T18:15:33+00:00,103.55,16.19,92.0,16.9
2021-06-15T18:15:36+00:00,103.55,16.19,92.0,16.9
2021-06-15T18:15:39+00:00,103.55,16.19,92.0,16.9
2021-06-15T18:15:42+00:00,103.55,16.19,92.0,16.9
2021-06-15T18:15:45+00:00,103.55,16.19,92.0,16.9
2021-06-15T18:15:48+00:00,103.55,16.19,92.0,16.9
2021-06-15T18:15:51+00:00,103.55,16.19,92.0,16.9
2021-06-15T18:15:54+00:00,103.55,16.19,92.0,16.9
2021-06-15T18:15:57+00:00,103.32,16.19,92.0,16.9
2021-06-15T18:16:00+00:00,103.55,16.19,92.0,16.9
2021-06-15T18:16:03+00:00,103.79,16.19,92.0,16.9
2021-06-15T18:16:06+00:00,103.55,16.19,92.0,16.9
2021-06-15T18:16:09+00:00,103.55,16.25,92.0,16.9
2021-06-15T18:16:12+00:00,103.32,16.19,92.0,16.9
2021-06-15T18:16:15+00:00,103.32,16.25,92.0,16.9
2021-06-15T18:16:18+00:00,103.55,16.19,92.0,16.9
2021-06-15T18:16:21+00:00,103.55,16.25,92.0,16.9
2021-06-15T18:16:24+00:00,103.32,16.25,92.0,16.9
2021-06-15T18:16:27+00:00,103.55,16.25,92.0,16.9
2021-06-15T18:16:30+00:00,103.55,16.25,92.0,16.9
2021-06-15T18:16:33+00:00,103.32,16.25,92.0,16.9
2021-06-15T18:16:36+00:00,103.55,16.25,92.0,16.9
2021-06-15T18:16:39+00:00,103.55,16.25,92.0,16.9
2021-06-15T18:16:43+00:00,103.55,16.25,92.0,16.9
2021-06-15T18:16:45+00:00,103.55,16.25,92.0,16.9
2021-06-15T18:16:48+00:00,103.55,16.25,92.0,16.9
2021-06-15T18:16:51+00:00,103.55,16.25,92.0,16.9
2021-06-15T18:16:54+00:00,103.32,16.25,92.0,16.9
2021-06-15T18:16:57+00:00,103.32,16.25,92.0,16.9
2021-06-15T18:17:00+00:00,103.55,16.25,92.0,16.9
2021-06-15T18:17:03+00:00,103.55,16.25,92.0,16.9
2021-06-15T18:17:06+00:00,103.55,16.25,92.0,16.9
2021-06-15T18:17:09+00:00,103.79,16.25,92.0,16.9
2021-06-15T18:17:12+00:00,103.55,16.25,92.0,16.9
2021-06-15T18:17:15+00:00,103.55,16.25,92.0,16.9
2021-06-15T18:17:18+00:00,103.32,16.25,92.0,16.9
2021-06-15T18:17:21+00:00,103.32,16.25,92.0,16.9
2021-06-15T18:17:24+00:00,103.32,16.25,92.0,16.9
2021-06-15T18:17:27+00:00,103.55,16.25,92.0,16.9
2021-06-15T18:17:30+00:00,103.55,16.25,92.0,16.9
2021-06-15T18:17:33+00:00,103.55,16.25,92.0,17.0
2021-06-15T18:17:36+00:00,103.08,16.25,92.0,16.9
2021-06-15T18:17:39+00:00,103.55,16.25,92.0,16.9
2021-06-15T18:17:42+00:00,103.55,16.25,92.0,16.9
2021-06-15T18:17:45+00:00,103.55,16.25,92.0,16.9
2021-06-15T18:17:48+00:00,103.55,16.25,92.0,16.9
2021-06-15T18:17:51+00:00,103.55,16.25,92.0,17.0
2021-06-15T18:17:54+00:00,103.32,16.25,92.0,17.0
2021-06-15T18:17:57+00:00,103.32,16.25,92.0,17.0
2021-06-15T18:18:00+00:00,103.55,16.25,92.0,17.0
2021-06-15T18:18:03+00:00,103.55,16.25,92.0,17.0
2021-06-15T18:18:06+00:00,103.55,16.25,92.0,17.0
2021-06-15T18:18:09+00:00,103.55,16.25,92.0,16.9
2021-06-15T18:18:12+00:00,103.32,16.25,92.0,17.0
2021-06-15T18:18:15+00:00,103.79,16.25,92.0,17.0
2021-06-15T18:18:18+00:00,103.55,16.25,92.0,17.0
2021-06-15T18:18:21+00:00,103.32,16.25,92.0,17.0
2021-06-15T18:18:24+00:00,103.32,16.25,92.0,16.9
2021-06-15T18:18:27+00:00,103.32,16.25,92.0,17.0
2021-06-15T18:18:30+00:00,103.55,16.25,92.0,17.0
2021-06-15T18:18:34+00:00,103.55,16.25,92.0,17.0
2021-06-15T18:18:36+00:00,103.55,16.31,92.0,17.0
2021-06-15T18:18:39+00:00,103.55,16.25,92.0,17.0
2021-06-15T18:18:42+00:00,103.55,16.25,92.0,17.0
2021-06-15T18:18:45+00:00,103.55,16.31,92.0,17.0
2021-06-15T18:18:49+00:00,103.55,16.31,92.0,17.0
2021-06-15T18:18:51+00:00,103.32,16.31,92.0,17.0
2021-06-15T18:18:55+00:00,103.32,16.25,92.0,17.0
2021-06-15T18:18:57+00:00,103.32,16.25,92.0,17.0
2021-06-15T18:19:00+00:00,103.55,16.31,92.0,17.0
2021-06-15T18:19:03+00:00,103.55,16.31,92.0,17.0
2021-06-15T18:19:06+00:00,103.55,16.31,92.0,17.0
2021-06-15T18:19:09+00:00,103.55,16.25,92.0,17.0
2021-06-15T18:19:12+00:00,103.55,16.25,92.0,17.0
2021-06-15T18:19:16+00:00,103.55,16.31,92.0,17.0
2021-06-15T18:19:18+00:00,103.79,16.31,92.0,17.0
2021-06-15T18:19:21+00:00,103.55,16.31,92.0,17.0
2021-06-15T18:19:24+00:00,103.55,16.31,92.0,17.0
2021-06-15T18:19:27+00:00,103.32,16.31,92.0,17.0
2021-06-15T18:19:31+00:00,103.32,16.31,92.0,17.0
2021-06-15T18:19:33+00:00,103.32,16.31,92.0,17.0
2021-06-15T18:19:36+00:00,103.32,16.31,92.0,17.0
2021-06-15T18:19:39+00:00,103.55,16.31,92.0,17.0
2021-06-15T18:19:42+00:00,103.55,16.31,92.0,17.0
2021-06-15T18:19:45+00:00,103.55,16.31,92.0,17.0
2021-06-15T18:19:48+00:00,103.55,16.31,92.0,17.0
2021-06-15T18:19:52+00:00,103.55,16.31,92.0,17.0
2021-06-15T18:19:54+00:00,103.55,16.31,92.0,17.0
2021-06-15T18:19:57+00:00,103.55,16.31,92.0,17.0
2021-06-15T18:20:00+00:00,103.32,16.31,92.0,17.0
2021-06-15T18:20:03+00:00,103.32,16.31,92.0,17.0
2021-06-15T18:20:06+00:00,103.55,16.31,92.0,17.0
2021-06-15T18:20:09+00:00,103.32,16.31,92.0,17.0
2021-06-15T18:20:12+00:00,103.55,16.31,92.0,17.0
2021-06-15T18:20:15+00:00,103.32,16.31,92.0,17.0
2021-06-15T18:20:18+00:00,103.55,16.31,92.0,17.0
2021-06-15T18:20:21+00:00,103.55,16.31,92.0,17.0
2021-06-15T18:20:24+00:00,103.55,16.31,92.0,17.0
2021-06-15T18:20:27+00:00,103.32,16.31,92.0,17.0
2021-06-15T18:20:30+00:00,103.55,16.31,92.0,17.0
2021-06-15T18:20:33+00:00,103.55,16.31,92.0,17.0
2021-06-15T18:20:36+00:00,103.55,16.31,92.0,17.0
2021-06-15T18:20:39+00:00,103.55,16.31,92.0,17.0
2021-06-15T18:20:42+00:00,103.55,16.31,92.0,17.0
2021-06-15T18:20:45+00:00,103.32,16.31,92.0,17.0
2021-06-15T18:20:48+00:00,103.55,16.31,92.0,17.0
2021-06-15T18:20:51+00:00,103.55,16.31,92.0,17.0
2021-06-15T18:20:54+00:00,103.32,16.31,92.0,17.0
2021-06-15T18:20:57+00:00,103.55,16.31,92.0,17.0
2021-06-15T18:21:00+00:00,103.55,16.31,92.0,17.0
2021-06-15T18:21:03+00:00,103.32,16.31,92.0,17.0
2021-06-15T18:21:06+00:00,103.32,16.31,92.0,17.0
2021-06-15T18:21:09+00:00,103.32,16.31,92.0,17.0
2021-06-15T18:21:13+00:00,103.55,16.31,92.0,17.0
2021-06-15T18:21:15+00:00,103.55,16.31,92.0,17.0
2021-06-15T18:21:18+00:00,103.32,16.31,92.0,17.0
2021-06-15T18:21:21+00:00,103.32,16.31,92.0,17.0
2021-06-15T18:21:24+00:00,103.55,16.31,92.0,17.0
2021-06-15T18:21:27+00:00,103.79,16.31,92.0,17.0
2021-06-15T18:21:30+00:00,103.55,16.31,92.0,17.0
2021-06-15T18:21:33+00:00,103.32,16.31,92.0,17.0
2021-06-15T18:21:36+00:00,103.32,16.31,92.0,17.0
2021-06-15T18:21:39+00:00,103.55,16.31,92.0,17.0
2021-06-15T18:21:43+00:00,103.55,16.31,92.0,17.0
2021-06-15T18:21:45+00:00,103.32,16.31,92.0,17.0
2021-06-15T18:21:48+00:00,103.32,16.37,92.0,17.0
2021-06-15T18:21:51+00:00,103.32,16.31,92.0,17.0
2021-06-15T18:21:55+00:00,103.55,16.37,92.0,17.0
2021-06-15T18:21:57+00:00,103.55,16.31,92.0,17.0
2021-06-15T18:22:00+00:00,103.32,16.37,92.0,17.0
2021-06-15T18:22:03+00:00,103.32,16.31,92.0,17.0
2021-06-15T18:22:07+00:00,103.32,16.37,92.0,17.0
2021-06-15T18:22:09+00:00,103.32,16.31,92.0,17.0
2021-06-15T18:22:12+00:00,103.55,16.37,92.0,17.0
2021-06-15T18:22:15+00:00,103.32,16.37,92.0,17.0
2021-06-15T18:22:18+00:00,103.32,16.37,92.0,17.0
2021-06-15T18:22:21+00:00,103.32,16.37,92.0,17.0
2021-06-15T18:22:24+00:00,103.55,16.37,92.0,17.0
2021-06-15T18:22:27+00:00,103.32,16.37,92.0,17.0
2021-06-15T18:22:30+00:00,103.32,16.37,92.0,17.0
2021-06-15T18:22:33+00:00,103.55,16.37,92.0,17.0
2021-06-15T18:22:36+00:00,103.32,16.37,92.0,17.0
2021-06-15T18:22:39+00:00,103.32,16.37,92.0,17.0
2021-06-15T18:22:42+00:00,103.32,16.37,92.0,17.0
2021-06-15T18:22:45+00:00,103.55,16.37,92.0,17.0
2021-06-15T18:22:49+00:00,103.55,16.37,92.0,17.0
2021-06-15T18:22:51+00:00,103.32,16.37,92.0,17.0
2021-06-15T18:22:54+00:00,103.32,16.37,92.0,17.0
2021-06-15T18:22:58+00:00,103.32,16.37,92.0,17.0
2021-06-15T18:23:00+00:00,103.55,16.37,92.0,17.0
2021-06-15T18:23:03+00:00,103.55,16.37,92.0,17.0
2021-06-15T18:23:06+00:00,103.32,16.37,92.0,17.0
2021-06-15T18:23:09+00:00,103.32,16.37,92.0,17.0
2021-06-15T18:23:13+00:00,103.32,16.37,92.0,17.0
2021-06-15T18:23:15+00:00,103.55,16.37,92.0,17.0
2021-06-15T18:23:18+00:00,103.32,16.37,92.0,17.0
2021-06-15T18:23:21+00:00,103.32,16.37,92.0,17.0
2021-06-15T18:23:24+00:00,103.32,16.37,92.0,17.0
2021-06-15T18:23:27+00:00,103.55,16.37,92.0,17.0
2021-06-15T18:23:30+00:00,103.32,16.37,92.0,17.0
2021-06-15T18:23:33+00:00,103.32,16.37,92.0,17.0
2021-06-15T18:23:36+00:00,103.55,16.37,92.0,17.0
2021-06-15T18:23:39+00:00,103.32,16.37,92.0,17.0
2021-06-15T18:23:42+00:00,103.55,16.37,92.0,17.0
2021-06-15T18:23:45+00:00,103.32,16.37,92.0,17.0
2021-06-15T18:23:49+00:00,103.32,16.37,92.0,17.0
2021-06-15T18:23:51+00:00,103.32,16.37,92.0,17.0
2021-06-15T18:23:55+00:00,103.32,16.37,92.0,17.0
2021-06-15T18:23:57+00:00,103.32,16.37,92.0,17.0
2021-06-15T18:24:00+00:00,103.32,16.37,92.0,17.0
2021-06-15T18:24:03+00:00,103.32,16.37,92.0,17.0
2021-06-15T18:24:07+00:00,103.32,16.37,92.0,17.0
2021-06-15T18:24:09+00:00,103.32,16.37,92.0,17.0
2021-06-15T18:24:12+00:00,103.32,16.37,92.0,17.0
2021-06-15T18:24:15+00:00,103.32,16.37,92.0,17.0
2021-06-15T18:24:18+00:00,103.32,16.37,92.0,17.0
2021-06-15T18:24:21+00:00,103.32,16.37,92.0,17.0
2021-06-15T18:24:24+00:00,103.55,16.37,92.0,17.0
2021-06-15T18:24:27+00:00,103.32,16.37,92.0,17.0
2021-06-15T18:24:30+00:00,103.32,16.37,92.0,17.0
2021-06-15T18:24:33+00:00,103.32,16.37,92.0,17.0
2021-06-15T18:24:36+00:00,103.32,16.37,92.0,17.0
2021-06-15T18:24:39+00:00,103.32,16.37,92.0,17.0
2021-06-15T18:24:43+00:00,103.55,16.37,92.0,17.0
2021-06-15T18:24:45+00:00,103.55,16.37,92.0,17.0
2021-06-15T18:24:49+00:00,103.32,16.37,92.0,17.0
2021-06-15T18:24:51+00:00,103.32,16.37,92.0,17.0
2021-06-15T18:24:54+00:00,103.55,16.37,92.0,17.0
2021-06-15T18:24:58+00:00,103.32,16.44,92.0,17.0
2021-06-15T18:25:00+00:00,103.32,16.44,92.0,17.0
2021-06-15T18:25:03+00:00,103.32,16.44,92.0,17.0
2021-06-15T18:25:06+00:00,103.32,16.37,92.0,17.0
2021-06-15T18:25:09+00:00,103.32,16.44,92.0,17.0
2021-06-15T18:25:12+00:00,103.32,16.44,92.0,17.0
2021-06-15T18:25:15+00:00,103.32,16.44,92.0,17.0
2021-06-15T18:25:19+00:00,103.32,16.44,92.0,17.1
2021-06-15T18:25:21+00:00,103.32,16.44,92.0,17.1
2021-06-15T18:25:24+00:00,103.32,16.44,92.0,17.1
2021-06-15T18:25:28+00:00,103.32,16.44,92.0,17.0
2021-06-15T18:25:30+00:00,103.32,16.44,92.0,17.0
2021-06-15T18:25:33+00:00,103.32,16.44,92.0,17.0
2021-06-15T18:25:36+00:00,102.84,16.44,92.0,17.1
2021-06-15T18:25:40+00:00,103.32,16.44,92.0,17.1
2021-06-15T18:25:42+00:00,103.32,16.44,92.0,17.1
2021-06-15T18:25:45+00:00,103.55,16.44,92.0,17.1
2021-06-15T18:25:48+00:00,103.79,16.44,92.0,17.1
2021-06-15T18:25:51+00:00,103.32,16.44,92.0,17.1
2021-06-15T18:25:54+00:00,103.32,16.44,92.0,17.1
2021-06-15T18:25:57+00:00,103.55,16.44,92.0,17.1
2021-06-15T18:26:00+00:00,103.32,16.44,92.0,17.1
2021-06-15T18:26:03+00:00,103.55,16.44,92.0,17.1
2021-06-15T18:26:06+00:00,103.55,16.44,92.0,17.1
2021-06-15T18:26:09+00:00,103.55,16.44,92.0,17.1
2021-06-15T18:26:14+00:00,103.55,16.44,92.0,17.1
2021-06-15T18:26:15+00:00,103.32,16.44,92.0,17.1
2021-06-15T18:26:18+00:00,103.55,16.44,92.0,17.1
2021-06-15T18:26:21+00:00,103.55,16.44,92.0,17.1
2021-06-15T18:26:24+00:00,103.55,16.44,92.0,17.1
2021-06-15T18:26:27+00:00,103.32,16.44,92.0,17.1
2021-06-15T18:26:31+00:00,103.32,16.44,92.0,17.1
2021-06-15T18:26:34+00:00,103.55,16.44,92.0,17.1
2021-06-15T18:26:36+00:00,103.55,16.44,92.0,17.1
2021-06-15T18:26:39+00:00,103.32,16.44,92.0,17.1
2021-06-15T18:26:42+00:00,103.32,16.44,92.0,17.1
2021-06-15T18:26:45+00:00,103.32,16.44,92.0,17.1
2021-06-15T18:26:48+00:00,103.32,16.44,92.0,17.1
2021-06-15T18:26:51+00:00,103.55,16.44,92.0,17.1
2021-06-15T18:26:55+00:00,103.32,16.44,92.0,17.1
2021-06-15T18:26:58+00:00,103.32,16.44,92.0,17.1
2021-06-15T18:27:01+00:00,103.32,16.44,92.0,17.1
2021-06-15T18:27:03+00:00,103.32,16.44,92.0,17.1
2021-06-15T18:27:07+00:00,103.32,16.44,92.0,17.1
2021-06-15T18:27:10+00:00,103.32,16.44,92.0,17.1
2021-06-15T18:27:12+00:00,103.32,16.44,92.0,17.1
2021-06-15T18:27:16+00:00,103.32,16.44,92.0,17.1
2021-06-15T18:27:18+00:00,103.32,16.44,92.0,17.1
2021-06-15T18:27:21+00:00,103.32,16.44,92.0,17.1
2021-06-15T18:27:24+00:00,103.32,16.44,92.0,17.1
2021-06-15T18:27:27+00:00,103.32,16.44,92.0,17.1
2021-06-15T18:27:30+00:00,103.32,16.44,92.0,17.1
2021-06-15T18:27:34+00:00,103.32,16.44,92.0,17.1
2021-06-15T18:27:36+00:00,103.32,16.44,92.0,17.1
2021-06-15T18:27:39+00:00,103.32,16.44,92.0,17.1
2021-06-15T18:27:42+00:00,103.32,16.44,92.0,17.1
2021-06-15T18:27:45+00:00,103.32,16.44,92.0,17.1
2021-06-15T18:27:48+00:00,103.32,16.44,92.0,17.1
2021-06-15T18:27:51+00:00,102.84,16.44,92.0,17.1
2021-06-15T18:27:54+00:00,103.08,16.44,92.0,17.1
2021-06-15T18:27:57+00:00,103.55,16.44,92.0,17.1
2021-06-15T18:28:00+00:00,103.32,16.44,92.0,17.1
2021-06-15T18:28:03+00:00,103.08,16.5,92.0,17.1
2021-06-15T18:28:06+00:00,103.32,16.5,92.0,17.1
2021-06-15T18:28:09+00:00,103.32,16.5,92.0,17.1
2021-06-15T18:28:12+00:00,103.32,16.5,92.0,17.1
2021-06-15T18:28:15+00:00,103.32,16.5,92.0,17.1
2021-06-15T18:28:18+00:00,103.32,16.5,92.0,17.1
2021-06-15T18:28:21+00:00,103.55,16.44,92.0,17.1
2021-06-15T18:28:24+00:00,103.32,16.5,92.0,17.1
2021-06-15T18:28:27+00:00,103.32,16.5,92.0,17.1
2021-06-15T18:28:30+00:00,103.55,16.44,92.0,17.1
2021-06-15T18:28:33+00:00,103.32,16.5,92.0,17.1
2021-06-15T18:28:36+00:00,103.32,16.5,92.0,17.1
2021-06-15T18:28:39+00:00,103.32,16.5,92.0,17.1
2021-06-15T18:28:42+00:00,103.32,16.5,92.0,17.1
2021-06-15T18:28:45+00:00,103.32,16.5,92.0,17.1
2021-06-15T18:28:49+00:00,103.32,16.5,92.0,17.1
2021-06-15T18:28:51+00:00,103.32,16.5,92.0,17.1
2021-06-15T18:28:54+00:00,103.55,16.5,92.0,17.1
2021-06-15T18:28:57+00:00,103.32,16.5,92.0,17.1
2021-06-15T18:29:00+00:00,103.55,16.5,92.0,17.1
2021-06-15T18:29:03+00:00,103.55,16.5,92.0,17.1
2021-06-15T18:29:06+00:00,103.32,16.5,92.0,17.1
2021-06-15T18:29:09+00:00,103.32,16.5,92.0,17.1
2021-06-15T18:29:13+00:00,103.32,16.5,92.0,17.1
2021-06-15T18:29:16+00:00,103.55,16.5,92.0,17.1
2021-06-15T18:29:18+00:00,103.32,16.5,92.0,17.1
2021-06-15T18:29:21+00:00,103.55,16.5,92.0,17.1
2021-06-15T18:29:24+00:00,103.32,16.5,92.0,17.1
2021-06-15T18:29:27+00:00,103.32,16.5,92.0,17.1
2021-06-15T18:29:30+00:00,103.55,16.5,92.0,17.1
2021-06-15T18:29:33+00:00,103.32,16.5,92.0,17.1
2021-06-15T18:29:36+00:00,103.32,16.5,92.0,17.1
2021-06-15T18:29:39+00:00,103.55,16.5,92.0,17.1
2021-06-15T18:29:42+00:00,103.32,16.5,92.0,17.1
2021-06-15T18:29:46+00:00,103.32,16.5,92.0,17.1
2021-06-15T18:29:49+00:00,103.55,16.5,92.0,17.1
2021-06-15T18:29:51+00:00,103.32,16.5,92.0,17.1
2021-06-15T18:29:55+00:00,103.32,16.5,92.0,17.1
2021-06-15T18:29:58+00:00,103.32,16.5,92.0,17.1
2021-06-15T18:30:01+00:00,103.32,16.5,92.0,17.1
2021-06-15T18:30:04+00:00,103.79,16.5,92.0,17.1
2021-06-15T18:30:07+00:00,103.32,16.5,92.0,17.1
2021-06-15T18:30:10+00:00,103.32,16.5,92.0,17.1
2021-06-15T18:30:13+00:00,103.32,16.5,92.0,17.1
2021-06-15T18:30:16+00:00,103.32,16.5,92.0,17.1
2021-06-15T18:30:19+00:00,103.55,16.5,92.0,17.1
2021-06-15T18:30:22+00:00,103.32,16.5,92.0,17.1
2021-06-15T18:30:25+00:00,103.32,16.5,92.0,17.1
2021-06-15T18:30:27+00:00,103.32,16.5,92.0,17.1
2021-06-15T18:30:30+00:00,103.55,16.5,92.0,17.2
2021-06-15T18:30:33+00:00,103.55,16.5,92.0,17.1
2021-06-15T18:30:36+00:00,103.55,16.5,92.0,17.1
2021-06-15T18:30:40+00:00,103.55,16.5,92.0,17.1
2021-06-15T18:30:43+00:00,103.55,16.5,92.0,17.1
2021-06-15T18:30:46+00:00,103.32,16.5,92.0,17.1
2021-06-15T18:30:49+00:00,103.32,16.5,92.0,17.1
2021-06-15T18:30:52+00:00,103.55,16.5,92.0,17.1
2021-06-15T18:30:55+00:00,103.55,16.5,92.0,17.1
2021-06-15T18:30:58+00:00,103.32,16.5,92.0,17.1
2021-06-15T18:31:01+00:00,103.32,16.5,92.0,17.1
2021-06-15T18:31:04+00:00,103.32,16.5,92.0,17.2
2021-06-15T18:31:07+00:00,103.55,16.5,92.0,17.2
2021-06-15T18:31:10+00:00,103.32,16.5,92.0,17.1
2021-06-15T18:31:13+00:00,103.32,16.5,92.0,17.1
2021-06-15T18:31:16+00:00,103.32,16.5,92.0,17.1
2021-06-15T18:31:19+00:00,103.55,16.5,92.0,17.1
2021-06-15T18:31:22+00:00,103.55,16.5,92.0,17.2
2021-06-15T18:31:25+00:00,103.32,16.5,92.0,17.1
2021-06-15T18:31:28+00:00,103.32,16.5,92.0,17.2
2021-06-15T18:31:31+00:00,103.32,16.5,92.0,17.2
2021-06-15T18:31:34+00:00,103.55,16.5,92.0,17.2
2021-06-15T18:31:37+00:00,103.32,16.5,92.0,17.1
2021-06-15T18:31:40+00:00,103.32,16.5,92.0,17.2
2021-06-15T18:31:43+00:00,103.32,16.5,92.0,17.2
2021-06-15T18:31:46+00:00,103.55,16.5,92.0,17.1
2021-06-15T18:31:49+00:00,103.32,16.5,92.0,17.2
2021-06-15T18:31:52+00:00,103.55,16.5,92.0,17.2
2021-06-15T18:31:55+00:00,103.32,16.5,92.0,17.2
2021-06-15T18:31:58+00:00,103.32,16.5,92.0,17.2
2021-06-15T18:32:01+00:00,103.32,16.5,92.0,17.2
2021-06-15T18:32:04+00:00,103.32,16.5,92.0,17.2
2021-06-15T18:32:07+00:00,103.32,16.56,92.0,17.2
2021-06-15T18:32:10+00:00,103.32,16.56,92.0,17.2
2021-06-15T18:32:13+00:00,103.79,16.5,92.0,17.2
2021-06-15T18:32:16+00:00,103.32,16.56,92.0,17.2
2021-06-15T18:32:19+00:00,103.32,16.56,92.0,17.2
2021-06-15T18:32:22+00:00,103.32,16.5,92.0,17.2
2021-06-15T18:32:25+00:00,103.55,16.56,92.0,17.2
2021-06-15T18:32:28+00:00,103.55,16.56,92.0,17.1
2021-06-15T18:32:31+00:00,103.32,16.5,92.0,17.2
2021-06-15T18:32:34+00:00,103.32,16.56,92.0,17.2
2021-06-15T18:32:37+00:00,103.55,16.56,92.0,17.2
2021-06-15T18:32:40+00:00,103.32,16.56,92.0,17.2
2021-06-15T18:32:43+00:00,103.32,16.56,92.0,17.2
2021-06-15T18:32:46+00:00,103.32,16.56,92.0,17.2
2021-06-15T18:32:49+00:00,103.55,16.56,92.0,17.2
2021-06-15T18:32:52+00:00,103.32,16.56,92.0,17.2
2021-06-15T18:32:55+00:00,103.55,16.56,92.0,17.2
2021-06-15T18:32:58+00:00,103.55,16.56,92.0,17.2
2021-06-15T18:33:01+00:00,103.32,16.56,92.0,17.2
2021-06-15T18:33:04+00:00,103.32,16.56,92.0,17.2
2021-06-15T18:33:07+00:00,103.55,16.56,92.0,17.2
2021-06-15T18:33:10+00:00,103.55,16.56,92.0,17.2
2021-06-15T18:33:13+00:00,103.32,16.56,92.0,17.2
2021-06-15T18:33:16+00:00,103.55,16.56,92.0,17.2
2021-06-15T18:33:19+00:00,103.32,16.56,92.0,17.2
2021-06-15T18:33:22+00:00,103.55,16.56,92.0,17.2
2021-06-15T18:33:25+00:00,103.32,16.56,92.0,17.2
2021-06-15T18:33:28+00:00,103.32,16.56,92.0,17.2
2021-06-15T18:33:31+00:00,103.32,16.56,92.0,17.2
2021-06-15T18:33:34+00:00,103.55,16.56,92.0,17.2
2021-06-15T18:33:37+00:00,103.32,16.56,92.0,17.2
2021-06-15T18:33:40+00:00,103.32,16.56,92.0,17.2
2021-06-15T18:33:43+00:00,103.55,16.56,92.0,17.2
2021-06-15T18:33:46+00:00,103.32,16.56,92.0,17.2
2021-06-15T18:33:49+00:00,103.32,16.56,92.0,17.2
2021-06-15T18:33:52+00:00,103.32,16.56,92.0,17.2
2021-06-15T18:33:55+00:00,103.55,16.56,92.0,17.2
2021-06-15T18:33:58+00:00,103.55,16.56,92.0,17.2
2021-06-15T18:34:01+00:00,103.55,16.56,92.0,17.2
2021-06-15T18:34:04+00:00,103.55,16.56,92.0,17.2
2021-06-15T18:34:07+00:00,103.55,16.56,92.0,17.2
2021-06-15T18:34:10+00:00,103.55,16.56,92.0,17.2
2021-06-15T18:34:13+00:00,103.32,16.56,92.0,17.2
2021-06-15T18:34:16+00:00,103.32,16.56,92.0,17.2
2021-06-15T18:34:19+00:00,103.55,16.56,92.0,17.2
2021-06-15T18:34:22+00:00,103.79,16.56,92.0,17.2
2021-06-15T18:34:25+00:00,103.32,16.56,92.0,17.2
2021-06-15T18:34:28+00:00,103.32,16.56,92.0,17.2
2021-06-15T18:34:31+00:00,103.32,16.56,92.0,17.2
2021-06-15T18:34:34+00:00,103.32,16.56,92.0,17.2
2021-06-15T18:34:37+00:00,103.32,16.56,92.0,17.2
2021-06-15T18:34:40+00:00,103.32,16.56,92.0,17.2
2021-06-15T18:34:43+00:00,103.55,16.56,92.0,17.2
2021-06-15T18:34:46+00:00,103.55,16.56,92.0,17.2
2021-06-15T18:34:49+00:00,103.32,16.56,92.0,17.2
2021-06-15T18:34:52+00:00,103.55,16.56,92.0,17.2
2021-06-15T18:34:55+00:00,103.32,16.56,92.0,17.2
2021-06-15T18:34:58+00:00,103.32,16.56,92.0,17.2
2021-06-15T18:35:01+00:00,103.55,16.56,92.0,17.2
2021-06-15T18:35:04+00:00,103.32,16.56,92.0,17.2
2021-06-15T18:35:07+00:00,103.32,16.56,92.0,17.2
2021-06-15T18:35:10+00:00,103.55,16.56,92.0,17.2
2021-06-15T18:35:13+00:00,103.55,16.56,92.0,17.2
2021-06-15T18:35:16+00:00,103.32,16.56,92.0,17.2
2021-06-15T18:35:19+00:00,103.32,16.56,92.0,17.2
2021-06-15T18:35:22+00:00,103.32,16.56,92.0,17.2
2021-06-15T18:35:25+00:00,103.55,16.56,92.0,17.2
2021-06-15T18:35:28+00:00,103.32,16.56,92.0,17.2
2021-06-15T18:35:31+00:00,103.55,16.56,92.0,17.2
2021-06-15T18:35:34+00:00,103.32,16.56,92.0,17.2
2021-06-15T18:35:37+00:00,103.55,16.56,92.0,17.2
2021-06-15T18:35:40+00:00,103.55,16.56,92.0,17.2
2021-06-15T18:35:43+00:00,103.32,16.56,92.0,17.2
2021-06-15T18:35:46+00:00,103.32,16.56,92.0,17.2
2021-06-15T18:35:49+00:00,103.32,16.56,92.0,17.2
2021-06-15T18:35:52+00:00,103.32,16.56,92.0,17.2
2021-06-15T18:35:55+00:00,103.55,16.56,92.0,17.2
2021-06-15T18:35:58+00:00,103.32,16.56,92.0,17.2
2021-06-15T18:36:01+00:00,103.32,16.56,92.0,17.2
2021-06-15T18:36:04+00:00,103.55,16.56,92.0,17.2
2021-06-15T18:36:07+00:00,103.32,16.56,92.0,17.2
2021-06-15T18:36:10+00:00,103.32,16.56,92.0,17.2
2021-06-15T18:36:13+00:00,103.55,16.62,92.0,17.2
2021-06-15T18:36:16+00:00,103.32,16.62,92.0,17.2
2021-06-15T18:36:19+00:00,103.32,16.62,92.0,17.2
2021-06-15T18:36:22+00:00,103.32,16.62,92.0,17.2
2021-06-15T18:36:25+00:00,103.32,16.62,92.0,17.2
2021-06-15T18:36:28+00:00,103.32,16.62,92.0,17.2
2021-06-15T18:36:31+00:00,103.55,16.62,92.0,17.2
2021-06-15T18:36:34+00:00,103.55,16.56,92.0,17.2
2021-06-15T18:36:37+00:00,103.32,16.62,92.0,17.2
2021-06-15T18:36:40+00:00,103.32,16.62,92.0,17.2
2021-06-15T18:36:43+00:00,103.32,16.62,92.0,17.2
2021-06-15T18:36:46+00:00,103.32,16.62,92.0,17.2
2021-06-15T18:36:49+00:00,103.32,16.62,92.0,17.2
2021-06-15T18:36:52+00:00,103.32,16.62,92.0,17.2
2021-06-15T18:36:55+00:00,103.32,16.62,92.0,17.2
2021-06-15T18:36:58+00:00,103.32,16.62,92.0,17.2
2021-06-15T18:37:01+00:00,103.32,16.62,92.0,17.2
2021-06-15T18:37:04+00:00,103.55,16.62,92.0,17.2
2021-06-15T18:37:07+00:00,103.32,16.62,92.0,17.2
2021-06-15T18:37:10+00:00,103.32,16.62,92.0,17.2
2021-06-15T18:37:13+00:00,103.55,16.62,92.0,17.2
2021-06-15T18:37:16+00:00,103.32,16.62,92.0,17.2
2021-06-15T18:37:19+00:00,103.32,16.62,92.0,17.2
2021-06-15T18:37:22+00:00,103.55,16.62,92.0,17.2
2021-06-15T18:37:25+00:00,103.55,16.62,92.0,17.2
2021-06-15T18:37:28+00:00,103.32,16.62,92.0,17.2
2021-06-15T18:37:31+00:00,103.32,16.62,92.0,17.2
2021-06-15T18:37:34+00:00,103.55,16.62,92.0,17.2
2021-06-15T18:37:37+00:00,103.32,16.62,92.0,17.2
2021-06-15T18:37:40+00:00,103.32,16.62,92.0,17.2
2021-06-15T18:37:43+00:00,103.55,16.62,92.0,17.2
2021-06-15T18:37:46+00:00,103.32,16.62,92.0,17.2
2021-06-15T18:37:49+00:00,103.55,16.62,92.0,17.2
2021-06-15T18:37:52+00:00,103.08,16.62,92.0,17.2
2021-06-15T18:37:55+00:00,103.32,16.62,92.0,17.2
2021-06-15T18:37:58+00:00,103.55,16.62,92.0,17.2
2021-06-15T18:38:01+00:00,103.55,16.62,92.0,17.3
2021-06-15T18:38:04+00:00,103.55,16.62,92.0,17.2
2021-06-15T18:38:07+00:00,103.32,16.62,92.0,17.3
2021-06-15T18:38:10+00:00,103.55,16.62,92.0,17.3
2021-06-15T18:38:13+00:00,103.32,16.62,92.0,17.3
2021-06-15T18:38:16+00:00,103.55,16.62,92.0,17.3
2021-06-15T18:38:19+00:00,103.55,16.62,92.0,17.3
2021-06-15T18:38:22+00:00,103.32,16.62,92.0,17.3
2021-06-15T18:38:25+00:00,103.32,16.62,92.0,17.3
2021-06-15T18:38:28+00:00,103.32,16.62,92.0,17.3
2021-06-15T18:38:31+00:00,103.55,16.62,92.0,17.3
2021-06-15T18:38:34+00:00,103.32,16.62,92.0,17.3
2021-06-15T18:38:37+00:00,103.55,16.62,92.0,17.3
2021-06-15T18:38:40+00:00,103.79,16.62,92.0,17.2
2021-06-15T18:38:43+00:00,103.55,16.62,92.0,17.3
2021-06-15T18:38:46+00:00,103.32,16.62,92.0,17.3
2021-06-15T18:38:49+00:00,103.79,16.62,92.0,17.3
2021-06-15T18:38:52+00:00,103.32,16.62,92.0,17.3
2021-06-15T18:38:55+00:00,103.55,16.62,92.0,17.3
2021-06-15T18:38:58+00:00,103.32,16.62,92.0,17.3
2021-06-15T18:39:01+00:00,103.55,16.62,92.0,17.2
2021-06-15T18:39:04+00:00,103.32,16.62,92.0,17.2
2021-06-15T18:39:07+00:00,103.32,16.62,92.0,17.3
2021-06-15T18:39:10+00:00,103.32,16.62,92.0,17.3
2021-06-15T18:39:13+00:00,103.32,16.62,92.0,17.3
2021-06-15T18:39:16+00:00,103.32,16.62,92.0,17.2
2021-06-15T18:39:19+00:00,103.32,16.62,92.0,17.3
2021-06-15T18:39:22+00:00,103.55,16.62,92.0,17.3
2021-06-15T18:39:25+00:00,103.55,16.62,92.0,17.3
2021-06-15T18:39:28+00:00,103.55,16.62,92.0,17.3
2021-06-15T18:39:31+00:00,103.32,16.62,92.0,17.3
2021-06-15T18:39:34+00:00,103.55,16.69,92.0,17.3
2021-06-15T18:39:37+00:00,103.32,16.62,92.0,17.3
2021-06-15T18:39:40+00:00,103.79,16.69,92.0,17.3
2021-06-15T18:39:43+00:00,103.32,16.69,92.0,17.3
2021-06-15T18:39:46+00:00,103.32,16.69,92.0,17.3
2021-06-15T18:39:49+00:00,103.55,16.69,92.0,17.3
2021-06-15T18:39:52+00:00,103.32,16.62,92.0,17.3
2021-06-15T18:39:55+00:00,103.32,16.62,92.0,17.3
2021-06-15T18:39:58+00:00,103.32,16.62,92.0,17.3
2021-06-15T18:40:01+00:00,103.32,16.69,92.0,17.3
2021-06-15T18:40:04+00:00,103.32,16.69,92.0,17.3
2021-06-15T18:40:07+00:00,103.32,16.69,92.0,17.3
2021-06-15T18:40:10+00:00,103.55,16.62,92.0,17.3
2021-06-15T18:40:13+00:00,103.32,16.69,92.0,17.3
2021-06-15T18:40:16+00:00,103.55,16.69,92.0,17.3
2021-06-15T18:40:19+00:00,103.32,16.69,92.0,17.3
2021-06-15T18:40:22+00:00,103.32,16.69,92.0,17.3
2021-06-15T18:40:25+00:00,103.55,16.69,92.0,17.3
2021-06-15T18:40:28+00:00,103.32,16.69,92.0,17.3
2021-06-15T18:40:31+00:00,103.32,16.69,92.0,17.3
2021-06-15T18:40:34+00:00,103.32,16.69,92.0,17.3
2021-06-15T18:40:37+00:00,103.55,16.69,92.0,17.3
2021-06-15T18:40:40+00:00,103.55,16.69,92.0,17.3
2021-06-15T18:40:43+00:00,103.32,16.69,92.0,17.3
2021-06-15T18:40:46+00:00,103.79,16.69,92.0,17.3
2021-06-15T18:40:49+00:00,103.32,16.69,92.0,17.3
2021-06-15T18:40:52+00:00,103.32,16.69,92.0,17.3
2021-06-15T18:40:55+00:00,103.32,16.69,92.0,17.3
2021-06-15T18:40:58+00:00,103.32,16.69,92.0,17.3
2021-06-15T18:41:01+00:00,103.55,16.69,92.0,17.3
2021-06-15T18:41:04+00:00,103.32,16.69,92.0,17.3
2021-06-15T18:41:07+00:00,103.32,16.69,92.0,17.3
2021-06-15T18:41:10+00:00,103.55,16.69,92.0,17.3
2021-06-15T18:41:13+00:00,103.32,16.69,92.0,17.3
2021-06-15T18:41:16+00:00,103.32,16.69,92.0,17.3
2021-06-15T18:41:19+00:00,103.55,16.69,92.0,17.3
2021-06-15T18:41:22+00:00,103.55,16.69,92.0,17.3
2021-06-15T18:41:25+00:00,103.32,16.69,92.0,17.3
2021-06-15T18:41:28+00:00,103.32,16.69,92.0,17.3
2021-06-15T18:41:31+00:00,103.55,16.69,92.0,17.3
2021-06-15T18:41:34+00:00,103.32,16.69,92.0,17.3
2021-06-15T18:41:37+00:00,103.32,16.69,92.0,17.3
2021-06-15T18:41:40+00:00,103.32,16.69,92.0,17.2
2021-06-15T18:41:43+00:00,103.32,16.69,92.0,17.3
2021-06-15T18:41:46+00:00,103.32,16.69,92.0,17.3
2021-06-15T18:41:49+00:00,103.32,16.69,92.0,17.3
2021-06-15T18:41:52+00:00,103.55,16.69,92.0,17.3
2021-06-15T18:41:55+00:00,103.08,16.69,92.0,17.3
2021-06-15T18:41:58+00:00,103.32,16.69,92.0,17.3
2021-06-15T18:42:01+00:00,103.55,16.69,92.0,17.3
2021-06-15T18:42:04+00:00,103.32,16.69,92.0,17.3
2021-06-15T18:42:07+00:00,103.32,16.69,92.0,17.3
2021-06-15T18:42:10+00:00,103.32,16.69,92.0,17.3
2021-06-15T18:42:13+00:00,103.32,16.69,92.0,17.3
2021-06-15T18:42:16+00:00,103.32,16.69,92.0,17.3
2021-06-15T18:42:19+00:00,103.32,16.69,92.0,17.3
2021-06-15T18:42:22+00:00,103.55,16.69,92.0,17.3
2021-06-15T18:42:25+00:00,103.55,16.69,92.0,17.2
2021-06-15T18:42:28+00:00,103.32,16.69,92.0,17.3
2021-06-15T18:42:31+00:00,103.55,16.69,92.0,17.3
2021-06-15T18:42:34+00:00,103.32,16.69,92.0,17.3
2021-06-15T18:42:37+00:00,103.55,16.69,92.0,17.3
2021-06-15T18:42:40+00:00,103.55,16.69,92.0,17.3
2021-06-15T18:42:43+00:00,103.32,16.69,92.0,17.3
2021-06-15T18:42:46+00:00,103.32,16.69,92.0,17.3
2021-06-15T18:42:49+00:00,103.32,16.69,92.0,17.3
2021-06-15T18:42:52+00:00,103.32,16.69,92.0,17.3
2021-06-15T18:42:55+00:00,103.55,16.69,92.0,17.3
2021-06-15T18:42:58+00:00,103.32,16.69,92.0,17.3
2021-06-15T18:43:01+00:00,103.32,16.69,92.0,17.3
2021-06-15T18:43:04+00:00,103.32,16.69,92.0,17.3
2021-06-15T18:43:07+00:00,103.32,16.69,92.0,17.3
2021-06-15T18:43:10+00:00,103.32,16.69,92.0,17.3
2021-06-15T18:43:13+00:00,103.55,16.69,92.0,17.3
2021-06-15T18:43:16+00:00,103.32,16.69,92.0,17.3
2021-06-15T18:43:19+00:00,103.32,16.69,92.0,17.3
2021-06-15T18:43:22+00:00,103.55,16.69,92.0,17.3
2021-06-15T18:43:25+00:00,103.32,16.69,92.0,17.3
2021-06-15T18:43:28+00:00,103.32,16.69,92.0,17.3
2021-06-15T18:43:31+00:00,103.55,16.69,92.0,17.3
2021-06-15T18:43:34+00:00,103.32,16.69,92.0,17.3
2021-06-15T18:43:37+00:00,103.32,16.69,92.0,17.3
2021-06-15T18:43:40+00:00,103.32,16.69,92.0,17.3
2021-06-15T18:43:43+00:00,103.55,16.69,92.0,17.3
2021-06-15T18:43:46+00:00,103.32,16.69,92.0,17.3
2021-06-15T18:43:49+00:00,103.32,16.69,92.0,17.3
2021-06-15T18:43:52+00:00,103.32,16.69,92.0,17.3
2021-06-15T18:43:55+00:00,103.32,16.69,92.0,17.3
2021-06-15T18:43:58+00:00,103.32,16.69,92.0,17.3
2021-06-15T18:44:01+00:00,103.79,16.69,92.0,17.3
2021-06-15T18:44:04+00:00,103.32,16.75,92.0,17.3
2021-06-15T18:44:07+00:00,103.55,16.69,92.0,17.3
2021-06-15T18:44:10+00:00,103.55,16.75,92.0,17.3
2021-06-15T18:44:13+00:00,103.32,16.69,92.0,17.3
2021-06-15T18:44:16+00:00,103.32,16.75,92.0,17.3
2021-06-15T18:44:19+00:00,103.32,16.75,92.0,17.3
2021-06-15T18:44:22+00:00,103.32,16.75,92.0,17.3
2021-06-15T18:44:25+00:00,103.32,16.69,92.0,17.3
2021-06-15T18:44:28+00:00,103.32,16.75,92.0,17.3
2021-06-15T18:44:32+00:00,103.32,16.75,92.0,17.3
2021-06-15T18:44:35+00:00,103.32,16.75,92.0,17.3
2021-06-15T18:44:37+00:00,103.32,16.75,92.0,17.3
2021-06-15T18:44:40+00:00,103.32,16.69,92.0,17.3
2021-06-15T18:44:43+00:00,103.32,16.75,92.0,17.3
2021-06-15T18:44:46+00:00,103.32,16.75,92.0,17.3
2021-06-15T18:44:49+00:00,103.32,16.69,92.0,17.3
2021-06-15T18:44:52+00:00,103.32,16.75,92.0,17.3
2021-06-15T18:44:55+00:00,103.32,16.75,92.0,17.3
2021-06-15T18:44:58+00:00,103.32,16.75,92.0,17.3
2021-06-15T18:45:01+00:00,103.32,16.75,92.0,17.3
2021-06-15T18:45:04+00:00,103.55,16.75,92.0,17.3
2021-06-15T18:45:07+00:00,103.32,16.75,92.0,17.3
2021-06-15T18:45:10+00:00,103.32,16.75,92.0,17.3
2021-06-15T18:45:13+00:00,103.32,16.75,92.0,17.3
2021-06-15T18:45:16+00:00,103.32,16.75,92.0,17.3
2021-06-15T18:45:19+00:00,103.32,16.75,92.0,17.3
2021-06-15T18:45:22+00:00,103.32,16.75,92.0,17.3
2021-06-15T18:45:25+00:00,103.32,16.75,92.0,17.3
2021-06-15T18:45:28+00:00,103.32,16.75,92.0,17.3
2021-06-15T18:45:31+00:00,103.32,16.75,92.0,17.3
2021-06-15T18:45:35+00:00,103.32,16.75,92.0,17.3
2021-06-15T18:45:37+00:00,103.32,16.75,92.0,17.3
2021-06-15T18:45:41+00:00,103.32,16.75,92.0,17.3
2021-06-15T18:45:44+00:00,103.32,16.75,92.0,17.3
2021-06-15T18:45:46+00:00,103.32,16.75,92.0,17.3
2021-06-15T18:45:50+00:00,103.32,16.75,92.0,17.3
2021-06-15T18:45:52+00:00,103.32,16.75,92.0,17.3
2021-06-15T18:45:56+00:00,103.32,16.75,92.0,17.3
2021-06-15T18:45:59+00:00,103.32,16.75,92.0,17.3
2021-06-15T18:46:02+00:00,103.32,16.75,92.0,17.3
2021-06-15T18:46:05+00:00,103.32,16.75,92.0,17.3
2021-06-15T18:46:08+00:00,103.55,16.75,92.0,17.3
2021-06-15T18:46:10+00:00,103.32,16.75,92.0,17.3
2021-06-15T18:46:14+00:00,103.32,16.75,92.0,17.3
2021-06-15T18:46:17+00:00,103.32,16.75,92.0,17.3
2021-06-15T18:46:20+00:00,103.32,16.75,92.0,17.3
2021-06-15T18:46:23+00:00,103.32,16.75,92.0,17.3
2021-06-15T18:46:26+00:00,103.32,16.75,92.0,17.3
2021-06-15T18:46:29+00:00,103.32,16.75,92.0,17.4
2021-06-15T18:46:32+00:00,103.32,16.75,92.0,17.3
2021-06-15T18:46:35+00:00,103.32,16.75,92.0,17.3
2021-06-15T18:46:37+00:00,103.08,16.75,92.0,17.3
2021-06-15T18:46:40+00:00,103.32,16.75,92.0,17.3
2021-06-15T18:46:43+00:00,103.32,16.75,92.0,17.3
2021-06-15T18:46:47+00:00,103.08,16.75,92.0,17.3
2021-06-15T18:46:50+00:00,103.32,16.75,92.0,17.4
2021-06-15T18:46:52+00:00,103.32,16.75,92.0,17.3
2021-06-15T18:46:55+00:00,103.32,16.75,92.0,17.3
2021-06-15T18:46:59+00:00,103.32,16.75,92.0,17.3
2021-06-15T18:47:02+00:00,103.32,16.75,92.0,17.4
2021-06-15T18:47:05+00:00,103.32,16.75,92.0,17.3
2021-06-15T18:47:08+00:00,103.32,16.75,92.0,17.3
2021-06-15T18:47:11+00:00,103.32,16.75,92.0,17.3
2021-06-15T18:47:14+00:00,103.55,16.75,92.0,17.3
2021-06-15T18:47:17+00:00,103.32,16.75,92.0,17.4
2021-06-15T18:47:20+00:00,103.55,16.75,92.0,17.4
2021-06-15T18:47:23+00:00,103.32,16.75,92.0,17.4
2021-06-15T18:47:26+00:00,103.32,16.75,92.0,17.4
2021-06-15T18:47:29+00:00,103.32,16.75,92.0,17.4
2021-06-15T18:47:32+00:00,103.32,16.75,92.0,17.4
2021-06-15T18:47:35+00:00,103.55,16.75,92.0,17.4
2021-06-15T18:47:38+00:00,103.32,16.75,92.0,17.4
2021-06-15T18:47:41+00:00,103.32,16.75,92.0,17.3
2021-06-15T18:47:44+00:00,103.32,16.75,92.0,17.4
2021-06-15T18:47:47+00:00,103.32,16.75,92.0,17.4
2021-06-15T18:47:50+00:00,103.32,16.75,92.0,17.4
2021-06-15T18:47:53+00:00,103.32,16.75,92.0,17.4
2021-06-15T18:47:56+00:00,103.32,16.75,92.0,17.4
2021-06-15T18:47:59+00:00,103.32,16.75,92.0,17.3
2021-06-15T18:48:02+00:00,103.32,16.75,92.0,17.4
2021-06-15T18:48:05+00:00,103.08,16.75,92.0,17.4
2021-06-15T18:48:08+00:00,103.32,16.75,92.0,17.4
2021-06-15T18:48:11+00:00,103.08,16.75,92.0,17.4
2021-06-15T18:48:14+00:00,103.32,16.75,92.0,17.4
2021-06-15T18:48:17+00:00,103.55,16.75,92.0,17.4
2021-06-15T18:48:20+00:00,103.32,16.75,92.0,17.3
2021-06-15T18:48:23+00:00,103.32,16.75,92.0,17.4
2021-06-15T18:48:26+00:00,103.32,16.81,92.0,17.4
2021-06-15T18:48:29+00:00,103.32,16.75,92.0,17.4
2021-06-15T18:48:32+00:00,103.32,16.81,92.0,17.4
2021-06-15T18:48:35+00:00,103.32,16.75,92.0,17.4
2021-06-15T18:48:38+00:00,103.32,16.81,92.0,17.4
2021-06-15T18:48:41+00:00,103.32,16.75,92.0,17.4
2021-06-15T18:48:44+00:00,103.32,16.75,92.0,17.4
2021-06-15T18:48:47+00:00,103.32,16.81,92.0,17.4
2021-06-15T18:48:50+00:00,103.32,16.75,92.0,17.4
2021-06-15T18:48:53+00:00,103.32,16.81,92.0,17.4
2021-06-15T18:48:56+00:00,103.32,16.81,92.0,17.4
2021-06-15T18:48:59+00:00,103.32,16.81,92.0,17.4
2021-06-15T18:49:02+00:00,103.32,16.81,92.0,17.3
2021-06-15T18:49:05+00:00,103.32,16.81,92.0,17.4
2021-06-15T18:49:08+00:00,103.32,16.81,92.0,17.4
2021-06-15T18:49:11+00:00,103.32,16.81,92.0,17.4
2021-06-15T18:49:14+00:00,103.32,16.81,92.0,17.4
2021-06-15T18:49:17+00:00,103.32,16.81,92.0,17.4
2021-06-15T18:49:20+00:00,103.55,16.81,92.0,17.4
2021-06-15T18:49:23+00:00,103.08,16.81,92.0,17.4
2021-06-15T18:49:26+00:00,103.32,16.81,92.0,17.3
2021-06-15T18:49:29+00:00,103.32,16.81,92.0,17.4
2021-06-15T18:49:32+00:00,103.32,16.81,92.0,17.4
2021-06-15T18:49:35+00:00,103.32,16.81,92.0,17.4
2021-06-15T18:49:38+00:00,103.32,16.81,92.0,17.3
2021-06-15T18:49:41+00:00,103.08,16.81,92.0,17.4
2021-06-15T18:49:44+00:00,103.32,16.81,92.0,17.4
2021-06-15T18:49:47+00:00,103.32,16.81,92.0,17.4
2021-06-15T18:49:50+00:00,103.32,16.81,92.0,17.4
2021-06-15T18:49:53+00:00,103.32,16.81,92.0,17.4
2021-06-15T18:49:56+00:00,103.32,16.81,92.0,17.4
2021-06-15T18:49:59+00:00,103.32,16.81,92.0,17.4
2021-06-15T18:50:02+00:00,103.32,16.81,92.0,17.4
2021-06-15T18:50:05+00:00,103.32,16.81,92.0,17.4
2021-06-15T18:50:08+00:00,103.32,16.81,92.0,17.5
2021-06-15T18:50:11+00:00,103.32,16.81,92.0,17.5
2021-06-15T18:50:14+00:00,103.32,16.81,92.0,17.5
2021-06-15T18:50:17+00:00,103.32,16.81,92.0,17.5
2021-06-15T18:50:20+00:00,103.32,16.81,92.0,17.5
2021-06-15T18:50:23+00:00,103.55,16.81,92.0,17.5
2021-06-15T18:50:26+00:00,103.32,16.81,92.0,17.5
2021-06-15T18:50:29+00:00,103.32,16.81,92.0,17.5
2021-06-15T18:50:32+00:00,103.32,16.81,92.0,17.5
2021-06-15T18:50:35+00:00,103.32,16.81,92.0,17.5
2021-06-15T18:50:38+00:00,103.32,16.81,92.0,17.5
2021-06-15T18:50:41+00:00,103.32,16.81,92.0,17.5
2021-06-15T18:50:44+00:00,103.32,16.81,92.0,17.5
2021-06-15T18:50:47+00:00,103.32,16.81,92.0,17.5
2021-06-15T18:50:50+00:00,103.32,16.81,92.0,17.6
2021-06-15T18:50:53+00:00,103.32,16.81,92.0,17.5
2021-06-15T18:50:56+00:00,103.08,16.81,92.0,17.6
2021-06-15T18:50:59+00:00,103.32,16.81,92.0,17.5
2021-06-15T18:51:05+00:00,103.32,16.81,92.0,17.5
